Header1,Header2,Header3,Header4,Header5,Header6,Header7,Header8,Header9,Header10
Data1.1,Data1.2,Data1.3,Data1.4,Data1.5,Data1.6,Data1.7,Data1.8,Data1.9,Data1.10
Data2.1,Data2.2,Data2.3,Data2.4,Data2.5,Data2.6,Data2.7,Data2.8,Data2.9,Data2.10
Data3.1,Data3.2,Data3.3,Data3.4,Data3.5,Data3.6,Data3.7,Data3.8,Data3.9,Data3.10
Data4.1,Data4.2,Data4.3,Data4.4,Data4.5,Data4.6,Data4.7,Data4.8,Data4.9,Data4.10
Data5.1,Data5.2,Data5.3,Data5.4,Data5.5,Data5.6,Data5.7,Data5.8,Data5.9,Data5.10
Data6.1,Data6.2,Data6.3,Data6.4,Data6.5,Data6.6,Data6.7,Data6.8,Data6.9,Data6.10
Data7.1,Data7.2,Data7.3,Data7.4,Data7.5,Data7.6,Data7.7,Data7.8,Data7.9,Data7.10
Data8.1,Data8.2,Data8.3,Data8.4,Data8.5,Data8.6,Data8.7,Data8.8,Data8.9,Data8.10
Data9.1,Data9.2,Data9.3,Data9.4,Data9.5,Data9.6,Data9.7,Data9.8,Data9.9,Data9.10
Data10.1,Data10.2,Data10.3,Data10.4,Data10.5,Data10.6,Data10.7,Data10.8,Data10.9,Data10.10
Data11.1,Data11.2,Data11.3,Data11.4,Data11.5,Data11.6,Data11.7,Data11.8,Data11.9,Data11.10
Data12.1,Data12.2,Data12.3,Data12.4,Data12.5,Data12.6,Data12.7,Data12.8,Data12.9,Data12.10
Data13.1,Data13.2,Data13.3,Data13.4,Data13.5,Data13.6,Data13.7,Data13.8,Data13.9,Data13.10
Data14.1,Data14.2,Data14.3,Data14.4,Data14.5,Data14.6,Data14.7,Data14.8,Data14.9,Data14.10
Data15.1,Data15.2,Data15.3,Data15.4,Data15.5,Data15.6,Data15.7,Data15.8,Data15.9,Data15.10
Data16.1,Data16.2,Data16.3,Data16.4,Data16.5,Data16.6,Data16.7,Data16.8,Data16.9,Data16.10
Data17.1,Data17.2,Data17.3,Data17.4,Data17.5,Data17.6,Data17.7,Data17.8,Data17.9,Data17.10
Data18.1,Data18.2,Data18.3,Data18.4,Data18.5,Data18.6,Data18.7,Data18.8,Data18.9,Data18.10
Data19.1,Data19.2,Data19.3,Data19.4,Data19.5,Data19.6,Data19.7,Data19.8,Data19.9,Data19.10
Data20.1,Data20.2,Data20.3,Data20.4,Data20.5,Data20.6,Data20.7,Data20.8,Data20.9,Data20.10