"HeaderCol1","HeaderCol2","HeaderCol3"
"Data2.2","Data2.4","48026715-baac-494b-84e6-fa3c0a05a4b0"
"Data4.2","Data4.4","513fc95c-1dbc-4509-a7ca-25c5ae7c06d0"
"Data6.2","Data6.4","7c9db8ca-c0d1-4bb8-bd0d-76fc31b41b64"
"Data8.2","Data8.4","c5fa7723-722e-40d4-9b81-1a26988bdb9b"
"Data10.2","Data10.4","0898c258-3106-4b7c-a6a6-ae32df6a91b7"
"Data12.2","Data12.4","cca4d2db-efc9-46c9-bbc3-5caa7756f894"
"Data14.2","Data14.4","1bad9582-3c2e-43ae-a53b-c84057ee96f4"
"Data16.2","Data16.4","cd39eec4-4baf-4b66-a9f1-c9fbd22495d9"
"Data18.2","Data18.4","25e4c987-222b-4923-9ef4-c597a7a9cca4"
"Data20.2","Data20.4","d07dbac2-52cc-4356-93e7-db7d0db86944"
